Hours,Address
"Mon. & Wed., Noon-8; Tues. & Thurs., 10-6; Fri. & Sat., 9-5; Sun., 1-5","3710 E. 106th St. Chicago, Illinois"
"Mon. & Wed., 10-6; Tues. & Thurs., Noon-8; Fri. & Sat., 9-5; Sun., 1-5","3401 W. Foster Ave. Chicago, Illinois"
"Mon. & Wed., Noon-8; Tues. & Thurs., 10-6; Fri. & Sat., 9-5; Sun., 1-5","8148 S. Stony Island Ave. Chicago, Illinois"
"Mon. & Wed., 10-6; Tues. & Thurs., Noon-8; Fri. & Sat., 9-5; Sun., 1-5","1350 W. 89th St. Chicago, Illinois"
"Mon. - Thurs., 10-6; Fri. & Sat., 9-5; Sun., 1-5","163 E. Pearson St. Chicago, Illinois"
"Mon. & Wed., Noon-8; Tue. & Thu., 10-6; Fri. & Sat., 9-5; Sun., 1-5","1336 W. Taylor St. Chicago, Illinois"
"Mon. & Wed., Noon-8; Tues. & Thurs., 10-6; Fri. & Sat., 9-5; Sun., 1-5","5331 W. Devon Ave. Chicago, Illinois"
"Mon. & Wed., 10-6; Tues. & Thurs., Noon-8; Fri. & Sat., 9-5; Sun., 1-5","6151 S. Normal Blvd. Chicago, Illinois"
"Mon. & Wed., 10-6; Tues. & Thurs., Noon-8; Fri. & Sat., 9-5; Sun., 1-5","6000 N. Broadway St. Chicago, Illinois"
"Mon. & Wed., Noon-8; Tues. & Thurs., 10-6; Fri. & Sat., 9-5; Sun., 1-5","5724 W. North Ave. Chicago, Illinois"
"Mon. & Wed., Noon-8; Tues. & Thurs., 10-6; Fri. & Sat., 9-5; Sun., 1-5","642 W. 43rd St. Chicago, Illinois"
"Mon. & Wed., 10-6; Tues. & Thurs., Noon-8; Fri. & Sat., 9-5; Sun., 1-5","3400 S. Halsted St. Chicago, Illinois"
"Mon. & Wed., Noon-8; Tues. & Thurs., 10-6; Fri. & Sat., 9-5; Sun., 1-5","6 S. Hoyne Ave. Chicago, Illinois"
"Mon. & Wed., Noon-8; Tue. & Thu., 10-6; Fri. & Sat., 9-5; Sun., 1-5","5108 W. Belmont Ave. Chicago, Illinois"
"Mon. & Wed., 10-6; Tues. & Thurs., Noon-8; Fri. & Sat., 9-5; Sun., 1-5","415 East 79th St. Chicago, Illinois"
"Mon. & Wed., Noon-8; Tues. & Thurs., 10-6; Fri. & Sat., 9-5; Sun., 1-5","1000 E. 73rd St. Chicago, Illinois"
"Mon. & Wed., 10-6; Tues. & Thurs., Noon-8; Fri. & Sat., 9-5; Sun., 1-5","4101 W. 79th St. Chicago, Illinois"
"Mon. & Wed., Noon-8; Tues. & Thurs., 10-6; Fri. & Sat., 9-5; Sun., 1-5","955 E. 131st Street Chicago, Illinois"
"Mon. & Wed., Noon-8; Tues. & Thurs., 10-6; Fri. & Sat., 9-5; Sun., 1-5","4020 W. 63rd St. Chicago, Illinois"
"Mon. & Wed., 10-6; Tues. & Thurs., Noon-8; Fri. & Sat., 9-5; Sun., 1-5","2111 W. 47th St. Chicago, Illinois"
"Mon. & Wed., Noon-8; Tues. & Thurs., 10-6; Fri. & Sat., 9-5; Sun., 1-5","6907 N. Clark St. Chicago, Illinois"
"Mon. & Wed., 10-6; Tues. & Thurs., Noon-8; Fri. & Sat., 9-5; Sun., 1-5","6348 S. Archer Ave. Chicago, Illinois"
"Mon. & Wed., 10-6; Tues. & Thurs., Noon-8; Fri. & Sat., 9-5; Sun., 1-5","3436 S. King Dr. Chicago, Illinois"
"Mon. & Wed., 10-6; Tues. & Thurs., Noon-8; Fri. & Sat., 9-5; Sun., 1-5","11071 S. Hoyne Ave. Chicago, Illinois"
"Mon. & Wed., 10-6; Tues. & Thurs., Noon-8; Fri. & Sat., 9-5; Sun., 1-5","733 N. Kedzie Ave. Chicago, Illinois"
"Mon. & Wed., Noon-8; Tues. & Thurs., 10-6; Fri. & Sat., 9-5; Sun., 1-5","1605 N. Troy St. Chicago, Illinois"
"Mon. - Thurs., 9-8; Fri. & Sat., 9-5; Sun., 1-5","4455 N. Lincoln Ave. Chicago, Illinois"
"Mon. & Wed., Noon-8; Tues. & Thurs., 10-6; Fri. & Sat., 9-5; Sun., 1-5","4904 S. Lake Park Ave. Chicago, Illinois"
"Mon. & Wed., 10-6; Tues. & Thurs., Noon-8; Fri. & Sat., 9-5; Sun., 1-5","4300 W. North Ave. Chicago, Illinois"
"Mon. & Wed., 10-6; Tues. & Thurs., Noon-8; Fri. & Sat., 9-5; Sun., 1-5","1625 W. Chicago Ave. Chicago, Illinois"
"Mon. & Wed., Noon-8; Tues. & Thurs., 10-6; Fri. & Sat., 9-5; Sun., 1-5","5630 N. Lincoln Ave. Chicago, Illinois"
"Mon. & Wed., 10-6; Tues. & Thurs., Noon-8; Fri. & Sat., 9-5; Sun., 1-5","1150 W. Fullerton Ave. Chicago, Illinois"
"Mon. & Wed., Noon-8; Tues. & Thurs., 10-6; Fri. & Sat., 9-5; Sun., 1-5","1745 W. 63rd St. Chicago, Illinois"
"Mon. & Wed., Noon-8; Tues. & Thurs., 10-6; Fri. & Sat., 9-5, Sun., 1-5","5055 S. Archer Ave. Chicago, Illinois"
"Mon. & Wed., 10-6; Tues. & Thurs., Noon-8; Fri. & Sat., 9-5; Sun., 1-5","3048 E. 130th St. Chicago, Illinois"
"Mon. & Wed., 10-6; Tues. & Thurs., Noon-8; Fri. & Sat., 9-5; Sun., 1-5","4024 N. Elston Ave. Chicago, Illinois"
"Mon. & Wed., 10-6; Tues. & Thurs., Noon-8; Fri. & Sat., 9-5; Sun., 1-5","1805 S. Loomis St. Chicago, Illinois"
"Mon. & Wed., 10-6; Tues. & Thurs., Noon-8; Fri. & Sat., 9-5; Sun., 1-5","2505 E. 73rd St. Chicago, Illinois"
"Mon. & Wed., Noon-8; Tues. & Thurs., 10-6; Fri. & Sat., 9-5; Sun., 1-5","2100 S. Wentworth Ave. Chicago, Illinois"
"Mon. & Wed., 10-6; Tues. & Thurs., Noon-8; Fri. & Sat., 9-5; Sun., 1-5","3353 W. 13th St. Chicago, Illinois"
"Mon. & Wed., 10-6; Tues. & Thurs., Noon-8; Fri. & Sat., 9-5; Sun., 1-5","3030 W. Fullerton Ave. Chicago, Illinois"
"Mon. & Wed., 10-6; Tues. & Thurs., Noon-8; Fri. & Sat., 9-5; Sun., 1-5","6083 N. Northwest Hwy. Chicago, Illinois"
"Mon. & Wed., 10-6; Tues. & Thurs., Noon-8; Fri. & Sat., 9-5; Sun., 1-5","3104 N. Narragansett Ave. Chicago, Illinois"
"Mon. & Wed., Noon-8; Tues. & Thurs., 10-6; Fri. & Sat., 9-5; Sun., 1-5","1701 N. Milwaukee Ave. Chicago, Illinois"
"Mon. & Wed., 10-6; Tues. & Thurs., Noon-8; Fri. & Sat., 9-5; Sun., 1-5","6800 N. Western Ave. Chicago, Illinois"
"Mon. & Wed., Noon-8; Tues. & Thurs., 10-6; Fri. & Sat., 9-5; Sun., 1-5","644 W. Belmont Ave. Chicago, Illinois"
"Mon. & Wed., Noon-8; Tue. & Thu., 10-6; Fri. & Sat., 9-5; Sun., 1-5","830 W. 119th St. Chicago, Illinois"
"Mon. & Wed., Noon-8; Tues. & Thurs., 10-6; Fri. & Sat., 9-5; Sun., 1-5","1962 W. 95th St. Chicago, Illinois"
"Mon. - Thurs., 9-8; Fri. & Sat., 9-5; Sun., 1-5","115 S. Pulaski Rd. Chicago, Illinois"
"Mon. & Wed., Noon-8; Tues. & Thurs., 10-6; Fri. & Sat., 9-5; Sun., 1-5","7506 S. Racine Ave. Chicago, Illinois"
"Mon. & Wed., Noon-8; Tues. & Thurs., 10-6; Fri. & Sat., 9-5, Sun., 1-5","5615 W. Race Ave. Chicago, Illinois"
"Mon. & Wed., Noon-8; Tues. & Thurs., 10-6; Fri. & Sat., 9-5; Sun., 1-5","8530 S. Kedzie Ave. Chicago, Illinois"
"Mon. & Wed., 10-6; Tues. & Thurs., Noon-8; Fri. & Sat., 9-5; Sun., 1-5","5363 W. Lawrence Ave. Chicago, Illinois"
"Mon. & Wed., Noon-8; Tues. & Thurs., 10-6; Fri. & Sat., 9-5; Sun., 1-5","1915 W. 35th St. Chicago, Illinois"
"Mon. & Wed., Noon-8; Tues. & Thurs., 10-6; Fri. & Sat., 9-5; Sun., 1-5","9055 S. Houston Ave. Chicago, Illinois"
"Mon. & Wed., Noon-8; Tues. & Thurs., 10-6; Fri. & Sat., 9-5; Sun., 1-5","6423 W. 63rd Pl. Chicago, Illinois"
"Mon. & Wed., 10-6; Tues. & Thurs., Noon-8; Fri. & Sat., 9-5; Sun., 1-5","11010 S. Kedzie Ave. Chicago, Illinois"
"Mon. & Wed., Noon-8; Tues. & Thurs., 10-6; Fri. & Sat., 9-5; Sun., 1-5","2708 S. Pulaski Rd. Chicago, Illinois"
"Mon. & Wed., 10-6; Tues. & Thurs., Noon-8; Fri. & Sat., 9-5; Sun., 1-5","6120 S. Kedzie Ave. Chicago, Illinois"
"Mon. - Thurs., 9-8; Fri. & Sat., 9-5; Sun., 1-5","400 S. State St. Chicago, Illinois"
"Mon. & Wed., 10-6; Tues. & Thurs., Noon-8; Fri. & Sat., 9-5; Sun., 1-5","4314 S. Archer Ave. Chicago, Illinois"
"Mon. & Wed., 10-6; Tues. & Thurs., Noon-8; Fri. & Sat., 9-5; Sun., 1-5","4856 W. Chicago Ave. Chicago, Illinois"
"Mon. & Wed., 10-6; Tues. & Thurs., Noon-8; Fri. & Sat., 9-5; Sun., 1-5","2311 S. Kedzie Ave. Chicago, Illinois"
"Mon. & Wed., 10-6; Tues. & Thurs., Noon-8; Fri. & Sat., 9-5; Sun., 1-5","1659 W. Melrose St. Chicago, Illinois"
"Mon. & Wed., 10-6; Tues. & Thurs., Noon-8; Fri. & Sat., 9-5; Sun., 1-5","2807 W. 55th St. Chicago, Illinois"
"Mon. & Wed., Noon-8; Tues. & Thurs., 10-6; Fri. & Sat., 9-5; Sun., 1-5","7454 W. Balmoral Ave. Chicago, Illinois"
"Mon. & Wed., Noon-8; Tues. & Thurs., 10-6; Fri. & Sat., 9-5; Sun., 1-5","7455 W. Cornelia Ave. Chicago, Illinois"
"Mon. & Wed., Noon-8; Tues. & Thurs., 10-6; Fri. & Sat., 9-5; Sun., 1-5","1226 W. Ainslie St. Chicago, Illinois"
"Mon. & Wed., 10-6; Tues. & Thurs., Noon-8; Fri. & Sat., 9-5; Sun., 1-5","122 N. Aberdeen St. Chicago, Illinois"
"Mon. & Wed., 10-6; Tues. & Thurs., Noon-8; Fri. & Sat., 9-5; Sun., 1-5","11001 S. Indiana Ave. Chicago, Illinois"
"Mon. & Wed., 10-6; Tues. & Thurs., Noon-8; Fri. & Sat., 9-5; Sun., 1-5","2401 E. 100th St. Chicago, Illinois"
"Mon. & Wed., 10-6; Tues. & Thurs., Noon-8; Fri. & Sat., 9-5; Sun., 1-5","4801 S. Michigan Ave. Chicago, Illinois"
"Mon. & Wed., Noon-8; Tues. & Thurs., 10-6; Fri. & Sat., 9-5; Sun., 1-5","310 W. Division St. Chicago, Illinois"
"Mon. & Wed., Noon-8; Tues. & Thurs., 10-6; Fri. & Sat., 9-5; Sun., 1-5","731 E. 63rd St. Chicago, Illinois"
"Mon. & Wed., Noon-8; Tues. & Thurs., 10-6; Fri. & Sat., 9-5; Sun., 1-5","6100 W. Irving Park Rd. Chicago, Illinois"
"Mon. - Thurs., 9-8; Fri. & Sat., 9-5; Sun., 1-5","9525 S. Halsted St. Chicago, Illinois"
"Mon. & Wed., Noon-8; Tues. & Thurs., 10-6; Fri. & Sat., 9-5; Sun., 1-5","4400 W. Lawrence Ave. Chicago, Illinois"
"Mon. & Wed., Noon-8; Tues. & Thurs., 10-6; Fri. & Sat., 9-5; Sun., 1-5","3647 S. State St. Chicago, Illinois"
"Mon. & Wed., 10-6; Tues. & Thurs., Noon-8; Fri. & Sat., 9-5; Sun., 1-5","929 W. Buena Ave. Chicago, Illinois"
"Mon. & Wed., Noon-8; Tues. & Thurs., 10-6; Fri. & Sat., 9-5; Sun., 1-5","5440 S. Racine Ave. Chicago, Illinois"